date,entreprise,mot,nom,score
2019-03-25,ARCELORMITTAL,agefi,,0.035
2019-03-25,ARCELORMITTAL,actions,,0.034
2019-03-25,ARCELORMITTAL,seuils,,0.034
2019-03-25,ARCELORMITTAL,vote,,0.034
2019-03-25,ARCELORMITTAL,dow,,0.027000000000000003
2019-03-25,ARCELORMITTAL,jones,,0.027000000000000003
2019-03-25,ARCELORMITTAL,europeenne,,0.01
2019-03-25,ARCELORMITTAL,minier,,0.01
2019-03-25,ARCELORMITTAL,ocs,,0.06
2019-03-25,ARCELORMITTAL,series,,0.05
2019-03-25,ARCELORMITTAL,fibre,,0.025
2019-03-25,ARCELORMITTAL,uf,,0.013
2019-03-25,ARCELORMITTAL,xa,,0.012
2019-03-25,ARCELORMITTAL,document,,0.009000000000000001
2019-03-25,ARCELORMITTAL,mars,,0.009000000000000001
2019-03-25,ARCELORMITTAL,www,,0.009000000000000001
2019-03-25,ARCELORMITTAL,aoftous,,0.032
2019-03-25,ARCELORMITTAL,avertissement,,0.032
2019-03-25,ARCELORMITTAL,baisse,,0.032
2019-03-25,ARCELORMITTAL,cloturer,,0.032
2019-03-25,ARCELORMITTAL,copyright,,0.032
2019-03-25,ARCELORMITTAL,droits,,0.032
2019-03-25,ARCELORMITTAL,legal,,0.032
2019-03-25,ARCELORMITTAL,representation,,0.032
2019-03-25,ARCELORMITTAL,communique,,0.042
2019-03-25,ARCELORMITTAL,releve,,0.023
2019-03-25,ARCELORMITTAL,reste,,0.023
2019-03-25,ARCELORMITTAL,objectif,,0.02
2019-03-25,ARCELORMITTAL,doug,,0.018000000000000002
2019-03-25,ARCELORMITTAL,iepci,,0.018000000000000002
2019-03-25,ARCELORMITTAL,integre,,0.018000000000000002
2019-03-25,ARCELORMITTAL,pferdehirt,,0.018000000000000002
2019-03-25,ARCELORMITTAL,eur,,0.053
2019-03-25,ARCELORMITTAL,objectif,,0.053
2019-03-25,ARCELORMITTAL,aoftous,,0.039
2019-03-25,ARCELORMITTAL,avertissement,,0.039
2019-03-25,ARCELORMITTAL,copyright,,0.039
2019-03-25,ARCELORMITTAL,ferme,,0.039
2019-03-25,ARCELORMITTAL,legal,,0.039
2019-03-25,ARCELORMITTAL,multinationale,,0.039
2019-03-25,ARCELORMITTAL,contrefacons,,0.03
2019-03-25,ARCELORMITTAL,sacs,,0.03
2019-03-25,ARCELORMITTAL,actualites,,0.028
2019-03-25,ARCELORMITTAL,nouveautes,,0.019
2019-03-25,ARCELORMITTAL,bianchi,,0.015
2019-03-25,ARCELORMITTAL,foire,,0.015
2019-03-25,ARCELORMITTAL,rts,,0.015
2019-03-25,ARCELORMITTAL,baselworld,,0.014
2019-03-25,ARCELORMITTAL,eiffage,,0.025
2019-03-25,ARCELORMITTAL,dividendes,,0.025
2019-03-25,ARCELORMITTAL,rendement,,0.025
2019-03-25,ARCELORMITTAL,xa,,0.025
2019-03-25,ARCELORMITTAL,charbon,,0.024
2019-03-25,ARCELORMITTAL,benefices,,0.021
2019-03-25,ARCELORMITTAL,affiche,,0.02
2019-03-25,ARCELORMITTAL,agefi,,0.019
2019-03-25,ARCELORMITTAL,milliards,,0.053
2019-03-25,ARCELORMITTAL,dividende,,0.047
2019-03-25,ARCELORMITTAL,marques,,0.018000000000000002
2019-03-25,ARCELORMITTAL,ventes,,0.014
2019-03-25,ARCELORMITTAL,vins,,0.014
2019-03-25,ARCELORMITTAL,desormais,,0.01
2019-03-25,ARCELORMITTAL,collaborateurs,,0.006999999999999999
2019-03-25,ARCELORMITTAL,donnees,,0.006999999999999999
2019-03-25,ARCELORMITTAL,bouygues,,0.037000000000000005
2019-03-25,ARCELORMITTAL,fixe,,0.037000000000000005
2019-03-25,ARCELORMITTAL,offre,,0.037000000000000005
2019-03-25,ARCELORMITTAL,italien,,0.028999999999999998
2019-03-25,ARCELORMITTAL,bbox,,0.025
2019-03-25,ARCELORMITTAL,debit,,0.025
2019-03-25,ARCELORMITTAL,ultym,,0.025
2019-03-25,ARCELORMITTAL,aoftous,,0.017
2019-03-25,ARCELORMITTAL,euros,,0.051
2019-03-25,ARCELORMITTAL,xa,,0.03
2019-03-25,ARCELORMITTAL,agefi,,0.027000000000000003
2019-03-25,ARCELORMITTAL,dow,,0.022
2019-03-25,ARCELORMITTAL,jones,,0.022
2019-03-25,ARCELORMITTAL,nestle,,0.022
2019-03-25,ARCELORMITTAL,loreal,,0.01
2019-03-25,ARCELORMITTAL,assemblee,,0.009000000000000001
2019-03-25,ARCELORMITTAL,dividendes,,0.025
2019-03-25,ARCELORMITTAL,affiche,,0.02
2019-03-25,ARCELORMITTAL,document,,0.017
2019-03-25,ARCELORMITTAL,milliards,,0.017
2019-03-25,ARCELORMITTAL,xa,,0.017
2019-03-25,ARCELORMITTAL,benefices,,0.012
2019-03-25,ARCELORMITTAL,recule,,0.006999999999999999
2019-03-25,ARCELORMITTAL,apres,,0.006
2019-03-25,ARCELORMITTAL,eur,,0.062
2019-03-25,ARCELORMITTAL,milliards,,0.053
2019-03-25,ARCELORMITTAL,passe,,0.041
2019-03-25,ARCELORMITTAL,analyses,,0.022
2019-03-25,ARCELORMITTAL,informations,,0.022
2019-03-25,ARCELORMITTAL,actions,,0.019
2019-03-25,ARCELORMITTAL,capital,,0.019
2019-03-25,ARCELORMITTAL,clients,,0.019
2019-03-25,ARCELORMITTAL,eur,,0.05
2019-03-25,ARCELORMITTAL,x,,0.042
2019-03-25,ARCELORMITTAL,releve,,0.036000000000000004
2019-03-25,ARCELORMITTAL,informations,,0.022000000000000002
2019-03-25,ARCELORMITTAL,analyses,,0.013999999999999999
2019-03-25,ARCELORMITTAL,cercle,,0.013999999999999999
2019-03-25,ARCELORMITTAL,constituent,,0.013999999999999999
2019-03-25,ARCELORMITTAL,finance,,0.013999999999999999
2019-03-25,ARCELORMITTAL,sagnieres,,0.017
2019-03-25,ARCELORMITTAL,xa,,0.014
2019-03-25,ARCELORMITTAL,vecchio,,0.012
2019-03-25,ARCELORMITTAL,var,,0.009000000000000001
2019-03-25,ARCELORMITTAL,delfin,,0.008
2019-03-25,ARCELORMITTAL,apres,,0.008
2019-03-25,ARCELORMITTAL,street,,0.008
2019-03-25,ARCELORMITTAL,wall,,0.008
2019-03-25,ARCELORMITTAL,milliards,,0.03
2019-03-25,ARCELORMITTAL,eur,,0.03
2019-03-25,ARCELORMITTAL,passe,,0.027000000000000003
2019-03-25,ARCELORMITTAL,livelihoods,,0.025
2019-03-25,ARCELORMITTAL,communities,,0.021
2019-03-25,ARCELORMITTAL,cours,,0.02
2019-03-25,ARCELORMITTAL,water,,0.018000000000000002
2019-03-25,ARCELORMITTAL,eau,,0.017
2019-03-25,ARCELORMITTAL,droits,,0.064
2019-03-25,ARCELORMITTAL,nv,,0.057
2019-03-25,ARCELORMITTAL,q,,0.057
2019-03-25,ARCELORMITTAL,qzc,,0.057
2019-03-25,ARCELORMITTAL,tk,,0.057
2019-03-25,ARCELORMITTAL,eur,,0.055
2019-03-25,ARCELORMITTAL,mpd,,0.055
2019-03-25,ARCELORMITTAL,ncuiz,,0.055
2019-03-25,ARCELORMITTAL,agefi,,0.021
2019-03-25,ARCELORMITTAL,dow,,0.016
2019-03-25,ARCELORMITTAL,jones,,0.016
2019-03-25,ARCELORMITTAL,vendredi,,0.013999999999999999
2019-03-25,ARCELORMITTAL,cadre,,0.01
2019-03-25,ARCELORMITTAL,cerclefinance,,0.01
2019-03-25,ARCELORMITTAL,copyright,,0.01
2019-03-25,ARCELORMITTAL,reserves,,0.01
2019-03-25,ARCELORMITTAL,commandes,,0.018000000000000002
2019-03-25,ARCELORMITTAL,verser,,0.018000000000000002
2019-03-25,ARCELORMITTAL,bouygues,,0.006999999999999999
2019-03-25,ARCELORMITTAL,accord,,0.006
2019-03-25,ARCELORMITTAL,afp,,0.006
2019-03-25,ARCELORMITTAL,americaine,,0.006
2019-03-25,ARCELORMITTAL,attendant,,0.006
2019-03-25,ARCELORMITTAL,fini,,0.006
2019-03-25,ARCELORMITTAL,agefi,,0.021
2019-03-25,ARCELORMITTAL,dow,,0.015
2019-03-25,ARCELORMITTAL,jones,,0.015
2019-03-25,ARCELORMITTAL,sotaglifozine,,0.015
2019-03-25,ARCELORMITTAL,xa,,0.012
2019-03-25,ARCELORMITTAL,cerclefinance,,0.011000000000000001
2019-03-25,ARCELORMITTAL,com,,0.011000000000000001
2019-03-25,ARCELORMITTAL,destine,,0.011000000000000001
2019-03-25,ARCELORMITTAL,eur,,0.026
2019-03-25,ARCELORMITTAL,reste,,0.026
2019-03-25,ARCELORMITTAL,aoftous,,0.023
2019-03-25,ARCELORMITTAL,avertissement,,0.023
2019-03-25,ARCELORMITTAL,beneficiant,,0.023
2019-03-25,ARCELORMITTAL,confirme,,0.023
2019-03-25,ARCELORMITTAL,consecutive,,0.023
2019-03-25,ARCELORMITTAL,favorables,,0.023
2019-03-25,ARCELORMITTAL,aoftous,,0.035
2019-03-25,ARCELORMITTAL,avertissement,,0.035
2019-03-25,ARCELORMITTAL,copyright,,0.035
2019-03-25,ARCELORMITTAL,droits,,0.035
2019-03-25,ARCELORMITTAL,legal,,0.035
2019-03-25,ARCELORMITTAL,representation,,0.035
2019-03-25,ARCELORMITTAL,reproduction,,0.035
2019-03-25,ARCELORMITTAL,reserves,,0.035
2019-03-25,ARCELORMITTAL,tennis,,0.036000000000000004
2019-03-25,ARCELORMITTAL,euros,,0.015
2019-03-25,ARCELORMITTAL,x,,0.015
2019-03-25,ARCELORMITTAL,augmenter,,0.01
2019-03-25,ARCELORMITTAL,milliards,,0.01
2019-03-25,ARCELORMITTAL,reduire,,0.01
2019-03-25,ARCELORMITTAL,var,,0.009000000000000001
2019-03-25,ARCELORMITTAL,pmi,,0.005
2019-03-25,ARCELORMITTAL,yuans,,0.057
2019-03-25,ARCELORMITTAL,informations,,0.021
2019-03-25,ARCELORMITTAL,benefices,,0.021
2019-03-25,ARCELORMITTAL,objectif,,0.018000000000000002
2019-03-25,ARCELORMITTAL,milliards,,0.017
2019-03-25,ARCELORMITTAL,secteur,,0.015
2019-03-25,ARCELORMITTAL,analyses,,0.013999999999999999
2019-03-25,ARCELORMITTAL,cercle,,0.013999999999999999
2019-03-25,ARCELORMITTAL,innovation,,0.027000000000000003
2019-03-25,ARCELORMITTAL,milliards,,0.023
2019-03-25,ARCELORMITTAL,annee,,0.023
2019-03-25,ARCELORMITTAL,cession,,0.021
2019-03-25,ARCELORMITTAL,deficitaires,,0.021
2019-03-25,ARCELORMITTAL,degagerait,,0.021
2019-03-25,ARCELORMITTAL,dette,,0.021
2019-03-25,ARCELORMITTAL,division,,0.021
2019-03-25,ARCELORMITTAL,eqh,,0.016
2019-03-25,ARCELORMITTAL,objectif,,0.013000000000000001
2019-03-25,ARCELORMITTAL,agefi,,0.012
2019-03-25,ARCELORMITTAL,xa,,0.009000000000000001
2019-03-25,ARCELORMITTAL,marque,,0.008
2019-03-25,ARCELORMITTAL,annuel,,0.008
2019-03-25,ARCELORMITTAL,sante,,0.006999999999999999
2019-03-25,ARCELORMITTAL,asie,,0.006
2019-03-25,ARCELORMITTAL,fixe,,0.037000000000000005
2019-03-25,ARCELORMITTAL,actions,,0.036000000000000004
2019-03-25,ARCELORMITTAL,droits,,0.032
2019-03-25,ARCELORMITTAL,eur,,0.03
2019-03-25,ARCELORMITTAL,telecom,,0.028
2019-03-25,ARCELORMITTAL,bbox,,0.025
2019-03-25,ARCELORMITTAL,debit,,0.025
2019-03-25,ARCELORMITTAL,ultym,,0.025
2019-03-25,ARCELORMITTAL,ana,,0.049
2019-03-25,ARCELORMITTAL,aoftous,,0.015
2019-03-25,ARCELORMITTAL,avertissement,,0.015
2019-03-25,ARCELORMITTAL,avoisine,,0.015
2019-03-25,ARCELORMITTAL,catalogue,,0.015
2019-03-25,ARCELORMITTAL,legal,,0.015
2019-03-25,ARCELORMITTAL,passe,,0.015
2019-03-25,ARCELORMITTAL,representation,,0.015
2019-03-25,ARCELORMITTAL,yuans,,0.057
2019-03-25,ARCELORMITTAL,electriques,,0.025
2019-03-25,ARCELORMITTAL,vehicules,,0.025
2019-03-25,ARCELORMITTAL,ailleurs,,0.021
2019-03-25,ARCELORMITTAL,aoftous,,0.021
2019-03-25,ARCELORMITTAL,avertissement,,0.021
2019-03-25,ARCELORMITTAL,benefices,,0.021
2019-03-25,ARCELORMITTAL,bmw,,0.021
2019-03-25,ARCELORMITTAL,b,,0.012
2019-03-25,ARCELORMITTAL,directeur,,0.012
2019-03-25,ARCELORMITTAL,f,,0.012
2019-03-25,ARCELORMITTAL,finance,,0.012
2019-03-25,ARCELORMITTAL,in,,0.012
2019-03-25,ARCELORMITTAL,habitants,,0.011000000000000001
2019-03-25,ARCELORMITTAL,var,,0.009000000000000001
2019-03-25,ARCELORMITTAL,caractere,,0.008
2019-03-25,ARCELORMITTAL,milliards,,0.03
2019-03-25,ARCELORMITTAL,soie,,0.01
2019-03-25,ARCELORMITTAL,var,,0.01
2019-03-25,ARCELORMITTAL,chambre,,0.005
2019-03-25,ARCELORMITTAL,approche,,0.004
2019-03-25,ARCELORMITTAL,mi,,0.004
2019-03-25,ARCELORMITTAL,pourrait,,0.003
2019-03-25,ARCELORMITTAL,prend,,0.003
2019-03-25,ARCELORMITTAL,euros,,0.032
2019-03-25,ARCELORMITTAL,contre,,0.024
2019-03-25,ARCELORMITTAL,remuneration,,0.02
2019-03-25,ARCELORMITTAL,gerants,,0.016
2019-03-25,ARCELORMITTAL,eur,,0.008
2019-03-25,ARCELORMITTAL,annonce,,0.006
2019-03-25,ARCELORMITTAL,euronext,,0.006
2019-03-25,ARCELORMITTAL,inmarsat,,0.006
2019-03-25,ARCELORMITTAL,ebitda,,0.021
2019-03-25,ARCELORMITTAL,aoftous,,0.019
2019-03-25,ARCELORMITTAL,auparavant,,0.019
2019-03-25,ARCELORMITTAL,avertissement,,0.019
2019-03-25,ARCELORMITTAL,degrade,,0.019
2019-03-25,ARCELORMITTAL,dernier,,0.019
2019-03-25,ARCELORMITTAL,evoque,,0.019
2019-03-25,ARCELORMITTAL,legal,,0.019
2019-03-25,ARCELORMITTAL,bourse,,0.08199999999999999
2019-03-25,ARCELORMITTAL,resultats,,0.078
2019-03-25,ARCELORMITTAL,publiera,,0.07
2019-03-25,ARCELORMITTAL,annuels,,0.066
2019-03-25,ARCELORMITTAL,solutions,,0.051
2019-03-25,ARCELORMITTAL,sytemes,,0.035
2019-03-25,ARCELORMITTAL,affiche,,0.027999999999999997
2019-03-25,ARCELORMITTAL,ainsi,,0.027999999999999997
2019-03-25,ARCELORMITTAL,x,,0.048
2019-03-25,ARCELORMITTAL,charge,,0.033
2019-03-25,ARCELORMITTAL,carlos,,0.032
2019-03-25,ARCELORMITTAL,reseau,,0.024
2019-03-25,ARCELORMITTAL,electrique,,0.023
2019-03-25,ARCELORMITTAL,benefices,,0.021
2019-03-25,ARCELORMITTAL,alliance,,0.019
2019-03-25,ARCELORMITTAL,nissan,,0.019
2019-03-25,ARCELORMITTAL,aoftous,,0.037000000000000005
2019-03-25,ARCELORMITTAL,avertissement,,0.037000000000000005
2019-03-25,ARCELORMITTAL,cyclique,,0.037000000000000005
2019-03-25,ARCELORMITTAL,difficile,,0.037000000000000005
2019-03-25,ARCELORMITTAL,fabricant,,0.037000000000000005
2019-03-25,ARCELORMITTAL,legal,,0.037000000000000005
2019-03-25,ARCELORMITTAL,penalise,,0.037000000000000005
2019-03-25,ARCELORMITTAL,representation,,0.037000000000000005
2019-03-25,ARCELORMITTAL,agende,,0.016
2019-03-25,ARCELORMITTAL,aoftous,,0.016
2019-03-25,ARCELORMITTAL,avertissement,,0.016
2019-03-25,ARCELORMITTAL,copyright,,0.016
2019-03-25,ARCELORMITTAL,decevants,,0.016
2019-03-25,ARCELORMITTAL,decision,,0.016
2019-03-25,ARCELORMITTAL,degrade,,0.016
2019-03-25,ARCELORMITTAL,fixe,,0.016
2019-03-25,ARCELORMITTAL,informations,,0.032
2019-03-25,ARCELORMITTAL,millions,,0.02
2019-03-25,ARCELORMITTAL,egalement,,0.019
2019-03-25,ARCELORMITTAL,x,,0.009000000000000001
2019-03-25,ARCELORMITTAL,indique,,0.008
2019-03-25,ARCELORMITTAL,acquis,,0.006999999999999999
2019-03-25,ARCELORMITTAL,afep,,0.006999999999999999
2019-03-25,ARCELORMITTAL,allemande,,0.006999999999999999
2019-03-25,ARCELORMITTAL,xa,,0.014
2019-03-25,ARCELORMITTAL,elie,,0.013
2019-03-25,ARCELORMITTAL,girard,,0.013
2019-03-25,ARCELORMITTAL,annuel,,0.012
2019-03-25,ARCELORMITTAL,ordinaire,,0.012
2019-03-25,ARCELORMITTAL,directeur,,0.011
2019-03-25,ARCELORMITTAL,cerclefinance,,0.01
2019-03-25,ARCELORMITTAL,distribution,,0.01
2019-03-25,ARCELORMITTAL,aujourd,,0.032
2019-03-25,ARCELORMITTAL,cote,,0.032
2019-03-25,ARCELORMITTAL,hui,,0.032
2019-03-25,ARCELORMITTAL,place,,0.032
2019-03-25,ARCELORMITTAL,progresse,,0.032
2019-03-25,ARCELORMITTAL,beneficier,,0.024
2019-03-25,ARCELORMITTAL,cac,,0.024
2019-03-25,ARCELORMITTAL,continue,,0.024
2019-03-25,ARCELORMITTAL,thyssenkrupp,,0.026
2019-03-25,ARCELORMITTAL,visant,,0.021
2019-03-25,ARCELORMITTAL,passe,,0.02
2019-03-25,ARCELORMITTAL,commission,,0.019
2019-03-25,ARCELORMITTAL,nclt,,0.018
2019-03-25,ARCELORMITTAL,tonnes,,0.014
2019-03-25,ARCELORMITTAL,objectif,,0.006
2019-03-25,ARCELORMITTAL,cours,,0.006
